time_s,heading_deg,groundspeed_kt,el_ft_msl,alt_ft_msl,alt_ft_agl,altRate_fps,lat_deg,lon_deg,AirspaceClass,AirspaceName
0.000,253.495,0.000,325.000,325.000,0.000,16.000,42.2715543999999994,-71.6382104000000055,O,
15.625,253.495,50.000,325.000,575.000,250.000,0.000,42.2715543999999994,-71.6382104000000055,O,
16.072,253.495,50.000,327.000,575.000,248.000,0.000,42.2715250473807203,-71.6383442765806251,O,
16.518,253.495,50.000,329.000,575.000,246.000,0.000,42.2714956947614340,-71.6384781531612447,O,
16.748,253.495,50.000,330.000,575.000,245.000,0.000,42.2714805999999967,-71.6385470000000026,O,
17.194,253.765,50.000,332.000,575.000,243.000,0.000,42.2714517313702487,-71.6386809817797854,O,
17.641,253.765,50.000,333.000,575.000,242.000,0.000,42.2714228627405078,-71.6388149635595681,O,
18.087,253.765,50.000,334.000,575.000,241.000,0.000,42.2713939941107597,-71.6389489453393367,O,
18.534,253.765,50.000,333.000,575.000,242.000,0.000,42.2713651254810188,-71.6390829271191194,O,
18.980,253.765,50.000,333.000,575.000,242.000,0.000,42.2713362568512707,-71.6392169088989021,O,
19.426,253.765,50.000,332.000,575.000,243.000,0.000,42.2713073882215298,-71.6393508906786849,O,
19.873,253.765,50.000,331.000,575.000,244.000,0.000,42.2712785195917817,-71.6394848724584676,O,
20.319,253.765,50.000,331.000,575.000,244.000,0.000,42.2712496509620337,-71.6396188542382362,O,
20.765,253.765,50.000,331.000,575.000,244.000,0.000,42.2712207823322927,-71.6397528360180189,O,
21.212,253.765,50.000,330.000,575.000,245.000,0.000,42.2711919137025447,-71.6398868177978017,O,
21.658,253.765,50.000,329.000,575.000,246.000,0.000,42.2711630450728038,-71.6400207995775844,O,
22.105,253.765,50.000,322.000,575.000,253.000,0.000,42.2711341764430557,-71.6401547813573671,O,
22.551,253.765,50.000,315.000,575.000,260.000,0.000,42.2711053078133148,-71.6402887631371357,O,
22.997,253.765,50.000,308.000,575.000,267.000,0.000,42.2710764391835667,-71.6404227449169184,O,
23.444,253.765,50.000,302.000,575.000,273.000,0.000,42.2710475705538187,-71.6405567266967012,O,
23.890,253.765,50.000,301.000,575.000,274.000,-16.000,42.2710187019240777,-71.6406907084764839,O,
24.337,253.765,50.000,299.000,559.000,260.000,0.000,42.2709898332943297,-71.6408246902562524,O,
24.783,253.765,50.000,303.000,559.000,256.000,0.000,42.2709609646645887,-71.6409586720360352,O,
25.229,253.765,50.000,307.000,559.000,252.000,0.000,42.2709320960348407,-71.6410926538158179,O,
25.676,253.765,50.000,310.000,559.000,249.000,0.000,42.2709032274050998,-71.6412266355956007,O,
26.122,253.765,50.000,311.000,559.000,248.000,0.000,42.2708743587753517,-71.6413606173753834,O,
26.568,253.765,50.000,313.000,559.000,246.000,0.000,42.2708454901456037,-71.6414945991551519,O,
27.015,253.765,50.000,314.000,559.000,245.000,0.000,42.2708166215158627,-71.6416285809349347,O,
27.461,253.765,50.000,317.000,559.000,242.000,0.000,42.2707877528861147,-71.6417625627147174,O,
27.908,253.765,50.000,320.000,559.000,239.000,0.000,42.2707588842563737,-71.6418965444945002,O,
28.354,253.765,50.000,323.000,559.000,236.000,0.000,42.2707300156266257,-71.6420305262742829,O,
28.800,253.765,50.000,325.000,559.000,234.000,0.000,42.2707011469968847,-71.6421645080540515,O,
29.247,253.765,50.000,326.000,559.000,233.000,0.000,42.2706722783671367,-71.6422984898338342,O,
29.693,253.765,50.000,324.000,559.000,235.000,0.000,42.2706434097373887,-71.6424324716136169,O,
30.140,253.765,50.000,323.000,559.000,236.000,0.000,42.2706145411076477,-71.6425664533933997,O,
30.586,253.765,50.000,322.000,559.000,237.000,0.000,42.2705856724778997,-71.6427004351731824,O,
30.650,253.765,50.000,322.000,559.000,237.000,0.000,42.2705814999999987,-71.6427197999999947,O,
31.097,253.870,50.000,321.000,559.000,238.000,0.000,42.2705528191966025,-71.6428538221124001,O,
31.543,253.870,50.000,321.000,559.000,238.000,0.000,42.2705241383931991,-71.6429878442248054,O,
31.989,253.870,50.000,322.000,559.000,237.000,0.000,42.2704954575898029,-71.6431218663371965,O,
32.436,253.870,50.000,322.000,559.000,237.000,0.000,42.2704667767863995,-71.6432558884496018,O,
32.882,253.870,50.000,323.000,559.000,236.000,0.000,42.2704380959830033,-71.6433899105620071,O,
33.328,253.870,50.000,324.000,559.000,235.000,0.000,42.2704094151796070,-71.6435239326744124,O,
33.774,253.870,50.000,325.000,559.000,234.000,0.000,42.2703807343762037,-71.6436579547868035,O,
34.221,253.870,50.000,324.000,559.000,235.000,0.000,42.2703520535728074,-71.6437919768992089,O,
34.404,253.870,50.000,323.000,559.000,236.000,0.000,42.2703403000000009,-71.6438468999999998,O,
34.850,253.760,50.000,321.000,559.000,238.000,0.000,42.2703114215792723,-71.6439808796697690,O,
35.296,253.760,50.000,319.000,559.000,240.000,0.000,42.2702825431585438,-71.6441148593395525,O,
35.743,253.760,50.000,319.000,559.000,240.000,0.000,42.2702536647378082,-71.6442488390093217,O,
36.189,253.760,50.000,319.000,559.000,240.000,0.000,42.2702247863170797,-71.6443828186790910,O,
36.636,253.760,50.000,320.000,559.000,239.000,0.000,42.2701959078963512,-71.6445167983488602,O,
37.082,253.760,50.000,321.000,559.000,238.000,0.000,42.2701670294756227,-71.6446507780186437,O,
37.528,253.760,50.000,322.000,559.000,237.000,0.000,42.2701381510548941,-71.6447847576884129,O,
37.975,253.760,50.000,325.000,559.000,234.000,0.000,42.2701092726341656,-71.6449187373581822,O,
38.151,253.760,50.000,325.000,559.000,234.000,0.000,42.2700979000000032,-71.6449714999999969,O,
38.597,253.478,50.000,327.000,559.000,232.000,0.000,42.2700685158551366,-71.6451053696646909,O,
39.044,253.478,50.000,328.000,559.000,231.000,0.000,42.2700391317102699,-71.6452392393293991,O,
39.491,253.478,50.000,330.000,559.000,229.000,0.000,42.2700097475654104,-71.6453731089940931,O,
39.937,253.478,50.000,334.000,559.000,225.000,16.000,42.2699803634205438,-71.6455069786588012,O,
40.384,253.478,50.000,336.000,575.000,239.000,0.000,42.2699509792756771,-71.6456408483234952,O,
40.831,253.478,50.000,338.000,575.000,237.000,0.000,42.2699215951308105,-71.6457747179882034,O,
41.049,253.478,50.000,338.000,575.000,237.000,0.000,42.2699071999999987,-71.6458403000000033,O,
41.496,253.486,50.000,337.000,575.000,238.000,0.000,42.2698778293532698,-71.6459741726268078,O,
41.943,253.486,50.000,336.000,575.000,239.000,0.000,42.2698484587065408,-71.6461080452536123,O,
42.389,253.486,50.000,334.000,575.000,241.000,0.000,42.2698190880598119,-71.6462419178804168,O,
42.836,253.486,50.000,332.000,575.000,243.000,0.000,42.2697897174130830,-71.6463757905072072,O,
43.283,253.486,50.000,328.000,575.000,247.000,0.000,42.2697603467663541,-71.6465096631340117,O,
43.729,253.486,50.000,323.000,575.000,252.000,0.000,42.2697309761196252,-71.6466435357608162,O,
44.176,253.486,50.000,320.000,575.000,255.000,0.000,42.2697016054728962,-71.6467774083876208,O,
44.623,253.486,50.000,319.000,575.000,256.000,0.000,42.2696722348261673,-71.6469112810144253,O,
45.069,253.486,50.000,318.000,575.000,257.000,0.000,42.2696428641794384,-71.6470451536412298,O,
45.516,253.486,50.000,318.000,575.000,257.000,0.000,42.2696134935327095,-71.6471790262680344,O,
45.740,253.486,50.000,318.000,575.000,257.000,0.000,42.2695987999999971,-71.6472459999999955,O,
46.187,253.256,50.000,319.000,575.000,256.000,0.000,42.2695690160838424,-71.6473797812895441,O,
46.633,253.256,50.000,321.000,575.000,254.000,0.000,42.2695392321676948,-71.6475135625791069,O,
46.737,253.256,50.000,321.000,575.000,254.000,0.000,42.2695323000000016,-71.6475446999999974,O,
47.061,252.640,50.000,322.000,575.000,253.000,0.000,42.2695099999999968,-71.6476411000000013,O,
47.508,252.845,50.000,324.000,575.000,251.000,0.000,42.2694794793083943,-71.6477747151281932,O,
47.955,252.845,50.000,326.000,575.000,249.000,0.000,42.2694489586167990,-71.6479083302563708,O,
48.344,252.845,50.000,328.000,575.000,247.000,0.000,42.2694224000000034,-71.6480245999999994,O,
48.794,251.074,50.000,330.000,575.000,245.000,0.000,42.2693886933148590,-71.6481574471846585,O,
49.243,251.074,50.000,331.000,575.000,244.000,0.000,42.2693549866297076,-71.6482902943693176,O,
49.692,251.074,50.000,331.000,575.000,244.000,0.000,42.2693212799445632,-71.6484231415539909,O,
50.001,251.074,50.000,331.000,575.000,244.000,0.000,42.2692981000000003,-71.6485145000000045,O,
50.453,248.880,50.000,331.000,575.000,244.000,0.000,42.2692604334391859,-71.6486462791534819,O,
50.905,248.880,50.000,331.000,575.000,244.000,0.000,42.2692227668783644,-71.6487780583069735,O,
51.357,248.880,50.000,331.000,575.000,244.000,0.000,42.2691851003175501,-71.6489098374604509,O,
51.681,248.880,50.000,332.000,575.000,243.000,0.000,42.2691580999999985,-71.6490043000000014,O,
52.135,246.907,50.000,334.000,575.000,241.000,0.000,42.2691168588924882,-71.6491350045758537,O,
52.590,246.907,50.000,338.000,575.000,237.000,0.000,42.2690756177849778,-71.6492657091516918,O,
53.044,246.907,50.000,341.000,575.000,234.000,0.000,42.2690343766774674,-71.6493964137275441,O,
53.439,246.907,50.000,342.000,575.000,233.000,0.000,42.2689986000000033,-71.6495098000000041,O,
53.897,244.671,50.000,343.000,575.000,232.000,0.000,42.2689532949291689,-71.6496391520995388,O,
54.354,244.671,50.000,343.000,575.000,232.000,0.000,42.2689079898583344,-71.6497685041990735,O,
54.373,244.671,50.000,343.000,575.000,232.000,0.000,42.2689061000000024,-71.6497738999999996,O,
54.831,244.665,50.000,342.000,575.000,233.000,0.000,42.2688607840971713,-71.6499032483051508,O,
55.206,244.666,50.000,340.000,575.000,235.000,0.000,42.2688236999999987,-71.6500091000000054,O,
55.667,242.416,50.000,338.000,575.000,237.000,0.000,42.2687742790838712,-71.6501369361769918,O,
56.129,242.416,50.000,335.000,575.000,240.000,0.000,42.2687248581677437,-71.6502647723539638,O,
56.590,242.416,50.000,333.000,575.000,242.000,0.000,42.2686754372516162,-71.6503926085309502,O,
57.051,242.416,50.000,332.000,575.000,243.000,0.000,42.2686260163354888,-71.6505204447079365,O,
57.513,242.416,50.000,329.000,575.000,246.000,0.000,42.2685765954193613,-71.6506482808849228,O,
57.974,242.416,50.000,326.000,575.000,249.000,0.000,42.2685271745032338,-71.6507761170618949,O,
58.436,242.416,50.000,323.000,575.000,252.000,0.000,42.2684777535871063,-71.6509039532388812,O,
58.528,242.416,50.000,322.000,575.000,253.000,0.000,42.2684678000000034,-71.6509297000000061,O,
58.994,240.102,50.000,318.000,575.000,257.000,0.000,42.2684141402935794,-71.6510558156255399,O,
59.459,240.102,50.000,316.000,575.000,259.000,0.000,42.2683604805871482,-71.6511819312510596,O,
59.925,240.102,50.000,315.000,575.000,260.000,0.000,42.2683068208807242,-71.6513080468765935,O,
60.200,240.102,50.000,315.000,575.000,260.000,0.000,42.2682750999999968,-71.6513826000000051,O,
60.667,238.971,50.000,315.000,575.000,260.000,0.000,42.2682193624685567,-71.6515078111923316,O,
61.135,238.971,50.000,315.000,575.000,260.000,0.000,42.2681636249371095,-71.6516330223846722,O,
61.602,238.971,50.000,315.000,575.000,260.000,0.000,42.2681078874056695,-71.6517582335769987,O,
61.850,238.971,50.000,315.000,575.000,260.000,0.000,42.2680782999999991,-71.6518247000000059,O,
62.322,236.769,50.000,315.000,575.000,260.000,0.000,42.2680185095076340,-71.6519480272561964,O,
62.793,236.769,50.000,313.000,575.000,262.000,0.000,42.2679587190152617,-71.6520713545123868,O,
63.265,236.769,50.000,312.000,575.000,263.000,0.000,42.2678989285228965,-71.6521946817685631,O,
63.424,236.769,50.000,312.000,575.000,263.000,0.000,42.2678787999999983,-71.6522362000000044,O,
63.898,235.472,50.000,312.000,575.000,263.000,0.000,42.2678166162111069,-71.6523583380018465,O,
64.372,235.472,50.000,312.000,575.000,263.000,0.000,42.2677544324222225,-71.6524804760037028,O,
64.847,235.472,50.000,312.000,575.000,263.000,0.000,42.2676922486333311,-71.6526026140055450,O,
64.977,235.472,50.000,312.000,575.000,263.000,0.000,42.2676751999999993,-71.6526360999999952,O,
65.454,234.131,50.000,312.000,575.000,263.000,0.000,42.2676105391927663,-71.6527569449217054,O,
65.931,234.131,50.000,313.000,575.000,262.000,0.000,42.2675458783855262,-71.6528777898434157,O,
66.408,234.131,50.000,314.000,575.000,261.000,0.000,42.2674812175782932,-71.6529986347651402,O,
66.581,234.131,50.000,315.000,575.000,260.000,0.000,42.2674578000000025,-71.6530424000000039,O,
67.062,232.068,50.000,318.000,575.000,257.000,0.000,42.2673893247099741,-71.6531611251016187,O,
67.544,232.068,50.000,320.000,575.000,255.000,0.000,42.2673208494199457,-71.6532798502032193,O,
68.025,232.068,50.000,320.000,575.000,255.000,0.000,42.2672523741299244,-71.6533985753048341,O,
68.158,232.068,50.000,320.000,575.000,255.000,0.000,42.2672335000000032,-71.6534312999999941,O,
68.640,231.616,50.000,319.000,575.000,256.000,0.000,42.2671641893058094,-71.6535495393452493,O,
68.979,231.616,50.000,318.000,575.000,257.000,0.000,42.2671155000000027,-71.6536325999999946,O,
69.468,228.934,50.000,318.000,575.000,257.000,0.000,42.2670412291323458,-71.6537477883384355,O,
69.800,228.934,50.000,318.000,575.000,257.000,0.000,42.2669908000000021,-71.6538259999999951,O,
70.290,228.257,50.000,319.000,575.000,256.000,0.000,42.2669152765428038,-71.6539403709863052,O,
70.781,228.257,50.000,320.000,575.000,255.000,0.000,42.2668397530855984,-71.6540547419726153,O,
71.271,228.257,50.000,322.000,575.000,253.000,0.000,42.2667642296284001,-71.6541691129589111,O,
71.426,228.257,50.000,322.000,575.000,253.000,0.000,42.2667404000000033,-71.6542052000000069,O,
71.923,225.375,50.000,322.000,575.000,253.000,0.000,42.2666595605494209,-71.6543158774517508,O,
72.421,225.375,50.000,322.000,575.000,253.000,0.000,42.2665787210988384,-71.6544265549035089,O,
72.918,225.375,50.000,324.000,575.000,251.000,0.000,42.2664978816482559,-71.6545372323552527,O,
73.043,225.375,50.000,324.000,575.000,251.000,0.000,42.2664776000000018,-71.6545650000000052,O,
73.543,224.555,50.000,325.000,575.000,250.000,0.000,42.2663952530447986,-71.6546745604585027,O,
74.042,224.555,50.000,324.000,575.000,251.000,0.000,42.2663129060895884,-71.6547841209169860,O,
74.542,224.555,50.000,324.000,575.000,251.000,0.000,42.2662305591343852,-71.6548936813754835,O,
74.670,224.555,50.000,324.000,575.000,251.000,0.000,42.2662095000000022,-71.6549217000000027,O,
75.180,220.290,50.000,324.000,575.000,251.000,0.000,42.2661193699974902,-71.6550249525919440,O,
75.691,220.290,50.000,324.000,575.000,251.000,0.000,42.2660292399949782,-71.6551282051838854,O,
76.202,220.290,50.000,324.000,575.000,251.000,0.000,42.2659391099924591,-71.6552314577758409,O,
76.713,220.291,50.000,325.000,575.000,250.000,0.000,42.2658489799899471,-71.6553347103677822,O,
77.224,220.291,50.000,326.000,575.000,249.000,0.000,42.2657588499874350,-71.6554379629597236,O,
77.734,220.291,50.000,327.000,575.000,248.000,0.000,42.2656687199849230,-71.6555412155516649,O,
78.245,220.291,50.000,329.000,575.000,246.000,0.000,42.2655785899824039,-71.6556444681436062,O,
78.756,220.291,50.000,328.000,575.000,247.000,0.000,42.2654884599798919,-71.6557477207355618,O,
79.251,220.291,50.000,326.000,575.000,249.000,0.000,42.2654010999999983,-71.6558478000000036,O,
79.764,219.412,50.000,320.000,575.000,255.000,0.000,42.2653093833167119,-71.6559496457907983,O,
80.277,219.412,50.000,316.000,575.000,259.000,0.000,42.2652176666334327,-71.6560514915816071,O,
80.791,219.412,50.000,314.000,575.000,261.000,0.000,42.2651259499501464,-71.6561533373724018,O,
81.304,219.412,50.000,312.000,575.000,263.000,0.000,42.2650342332668600,-71.6562551831632106,O,
81.817,219.412,50.000,311.000,575.000,264.000,0.000,42.2649425165835808,-71.6563570289540053,O,
82.330,219.412,50.000,315.000,575.000,260.000,0.000,42.2648507999002945,-71.6564588747447999,O,
82.843,219.412,50.000,319.000,575.000,256.000,0.000,42.2647590832170152,-71.6565607205356088,O,
83.357,219.413,50.000,320.000,575.000,255.000,0.000,42.2646673665337289,-71.6566625663264034,O,
83.870,219.413,50.000,320.000,575.000,255.000,0.000,42.2645756498504426,-71.6567644121172123,O,
83.877,219.413,50.000,320.000,575.000,255.000,0.000,42.2645744000000008,-71.6567658000000023,O,
84.391,219.010,50.000,321.000,575.000,254.000,0.000,42.2644819585996672,-71.6568669884509291,O,
84.905,219.010,50.000,324.000,575.000,251.000,0.000,42.2643895171993336,-71.6569681769018558,O,
85.420,219.010,50.000,329.000,575.000,246.000,0.000,42.2642970757990000,-71.6570693653527826,O,
85.934,219.010,50.000,333.000,575.000,242.000,0.000,42.2642046343986664,-71.6571705538037094,O,
86.448,219.010,50.000,336.000,575.000,239.000,0.000,42.2641121929983328,-71.6572717422546361,O,
86.962,219.010,50.000,340.000,575.000,235.000,0.000,42.2640197515980063,-71.6573729307055629,O,
87.477,219.010,50.000,344.000,575.000,231.000,0.000,42.2639273101976727,-71.6574741191564897,O,
87.991,219.010,50.000,345.000,575.000,230.000,0.000,42.2638348687973391,-71.6575753076074164,O,
88.505,219.010,50.000,347.000,575.000,228.000,16.000,42.2637424273970055,-71.6576764960583290,O,
89.020,219.010,50.000,351.000,591.000,240.000,0.000,42.2636499859966719,-71.6577776845092558,O,
89.534,219.010,50.000,356.000,591.000,235.000,0.000,42.2635575445963383,-71.6578788729601825,O,
90.048,219.010,50.000,360.000,591.000,231.000,0.000,42.2634651031960047,-71.6579800614111093,O,
90.562,219.010,50.000,363.000,591.000,228.000,0.000,42.2633726617956711,-71.6580812498620361,O,
91.077,219.011,50.000,362.000,591.000,229.000,0.000,42.2632802203953375,-71.6581824383129629,O,
91.591,219.011,50.000,359.000,591.000,232.000,0.000,42.2631877789950039,-71.6582836267638896,O,
92.105,219.011,50.000,355.000,591.000,236.000,0.000,42.2630953375946703,-71.6583848152148164,O,
92.620,219.011,50.000,350.000,591.000,241.000,0.000,42.2630028961943438,-71.6584860036657432,O,
93.134,219.011,50.000,342.000,591.000,249.000,0.000,42.2629104547940102,-71.6585871921166699,O,
93.648,219.011,50.000,332.000,591.000,259.000,0.000,42.2628180133936766,-71.6586883805675967,O,
94.162,219.011,50.000,327.000,591.000,264.000,0.000,42.2627255719933430,-71.6587895690185235,O,
94.677,219.011,50.000,326.000,591.000,265.000,0.000,42.2626331305930094,-71.6588907574694503,O,
95.191,219.011,50.000,328.000,591.000,263.000,0.000,42.2625406891926758,-71.6589919459203770,O,
95.705,219.011,50.000,329.000,591.000,262.000,0.000,42.2624482477923422,-71.6590931343713038,O,
96.220,219.011,50.000,330.000,591.000,261.000,0.000,42.2623558063920086,-71.6591943228222306,O,
96.734,219.011,50.000,330.000,591.000,261.000,0.000,42.2622633649916750,-71.6592955112731573,O,
97.006,219.011,50.000,330.000,591.000,261.000,0.000,42.2622144999999989,-71.6593490000000060,O,
97.520,219.010,50.000,329.000,591.000,262.000,0.000,42.2621220564199902,-71.6594501864596367,O,
98.034,219.010,50.000,326.000,591.000,265.000,0.000,42.2620296128399886,-71.6595513729192675,O,
98.549,219.010,50.000,322.000,591.000,269.000,0.000,42.2619371692599799,-71.6596525593788840,O,
98.565,219.010,50.000,322.000,591.000,269.000,0.000,42.2619343000000001,-71.6596557000000018,O,
99.079,219.009,50.000,322.000,591.000,269.000,0.000,42.2618418549554917,-71.6597568851216522,O,
99.593,219.009,50.000,322.000,591.000,269.000,0.000,42.2617494099109905,-71.6598580702433026,O,
100.107,219.009,50.000,322.000,591.000,269.000,0.000,42.2616569648664822,-71.6599592553649387,O,
100.622,219.009,50.000,322.000,591.000,269.000,0.000,42.2615645198219809,-71.6600604404865891,O,
100.624,219.009,50.000,322.000,591.000,269.000,0.000,42.2615641000000011,-71.6600609000000048,O,
101.138,219.278,50.000,321.000,591.000,270.000,0.000,42.2614721380815013,-71.6601625244096851,O,
101.651,219.278,50.000,319.000,591.000,272.000,0.000,42.2613801761630015,-71.6602641488193512,O,
102.165,219.278,50.000,324.000,591.000,267.000,0.000,42.2612882142445017,-71.6603657732290316,O,
102.678,219.278,50.000,327.000,591.000,264.000,0.000,42.2611962523259947,-71.6604673976387119,O,
103.192,219.278,50.000,328.000,591.000,263.000,0.000,42.2611042904074949,-71.6605690220483780,O,
103.705,219.278,50.000,330.000,591.000,261.000,0.000,42.2610123284889951,-71.6606706464580583,O,
104.219,219.278,50.000,331.000,591.000,260.000,0.000,42.2609203665704953,-71.6607722708677386,O,
104.733,219.278,50.000,330.000,591.000,261.000,0.000,42.2608284046519955,-71.6608738952774047,O,
105.246,219.278,50.000,329.000,591.000,262.000,0.000,42.2607364427334957,-71.6609755196870850,O,
105.760,219.278,50.000,330.000,591.000,261.000,0.000,42.2606444808149959,-71.6610771440967653,O,
106.273,219.278,50.000,330.000,591.000,261.000,0.000,42.2605525188964890,-71.6611787685064456,O,
106.787,219.278,50.000,330.000,591.000,261.000,0.000,42.2604605569779892,-71.6612803929161117,O,
107.300,219.278,50.000,329.000,591.000,262.000,0.000,42.2603685950594894,-71.6613820173257920,O,
107.814,219.278,50.000,328.000,591.000,263.000,0.000,42.2602766331409896,-71.6614836417354724,O,
108.328,219.278,50.000,331.000,591.000,260.000,0.000,42.2601846712224898,-71.6615852661451385,O,
108.841,219.278,50.000,336.000,591.000,255.000,0.000,42.2600927093039900,-71.6616868905548188,O,
109.355,219.278,50.000,342.000,591.000,249.000,0.000,42.2600007473854902,-71.6617885149644991,O,
109.868,219.279,50.000,340.000,591.000,251.000,0.000,42.2599087854669833,-71.6618901393741652,O,
110.382,219.279,50.000,339.000,591.000,252.000,0.000,42.2598168235484835,-71.6619917637838455,O,
110.895,219.279,50.000,339.000,591.000,252.000,0.000,42.2597248616299836,-71.6620933881935258,O,
111.409,219.279,50.000,339.000,591.000,252.000,0.000,42.2596328997114838,-71.6621950126031919,O,
111.923,219.279,50.000,337.000,591.000,254.000,0.000,42.2595409377929840,-71.6622966370128722,O,
112.436,219.279,50.000,333.000,591.000,258.000,0.000,42.2594489758744842,-71.6623982614225525,O,
112.950,219.279,50.000,327.000,591.000,264.000,0.000,42.2593570139559844,-71.6624998858322186,O,
113.463,219.279,50.000,323.000,591.000,268.000,0.000,42.2592650520374775,-71.6626015102418989,O,
113.977,219.279,50.000,320.000,591.000,271.000,0.000,42.2591730901189777,-71.6627031346515793,O,
114.490,219.279,50.000,321.000,591.000,270.000,0.000,42.2590811282004779,-71.6628047590612596,O,
115.004,219.279,50.000,325.000,591.000,266.000,0.000,42.2589891662819781,-71.6629063834709257,O,
115.518,219.279,50.000,330.000,591.000,261.000,0.000,42.2588972043634783,-71.6630080078806060,O,
116.031,219.279,50.000,339.000,591.000,252.000,0.000,42.2588052424449785,-71.6631096322902863,O,
116.545,219.279,50.000,350.000,591.000,241.000,0.000,42.2587132805264787,-71.6632112566999524,O,
117.058,219.279,50.000,359.000,591.000,232.000,0.000,42.2586213186079718,-71.6633128811096327,O,
117.572,219.279,50.000,363.000,591.000,228.000,0.000,42.2585293566894720,-71.6634145055193130,O,
118.085,219.279,50.000,364.000,591.000,227.000,0.000,42.2584373947709722,-71.6635161299289791,O,
118.599,219.279,50.000,362.000,591.000,229.000,0.000,42.2583454328524724,-71.6636177543386594,O,
118.786,219.279,50.000,360.000,591.000,231.000,0.000,42.2583119999999965,-71.6636546999999950,O,
119.298,219.753,50.000,359.000,591.000,232.000,0.000,42.2582208923548350,-71.6637570909766026,O,
119.810,219.753,50.000,358.000,591.000,233.000,0.000,42.2581297847096735,-71.6638594819531960,O,
120.248,219.753,50.000,357.000,591.000,234.000,0.000,42.2580519999999993,-71.6639468999999991,O,
120.755,221.781,50.000,356.000,591.000,235.000,0.000,42.2579645693845976,-71.6640524481055650,O,
121.261,221.781,50.000,354.000,591.000,237.000,0.000,42.2578771387692029,-71.6641579962111166,O,
121.725,221.781,50.000,354.000,591.000,237.000,0.000,42.2577971999999988,-71.6642544999999984,O,
122.225,224.125,50.000,355.000,591.000,236.000,0.000,42.2577140571879468,-71.6643634577344670,O,
122.726,224.125,50.000,356.000,591.000,235.000,0.000,42.2576309143759019,-71.6644724154689357,O,
123.166,224.126,50.000,356.000,591.000,235.000,0.000,42.2575579000000019,-71.6645680999999968,O,
123.661,226.521,50.000,355.000,591.000,236.000,0.000,42.2574791651034616,-71.6646802843623760,O,
124.155,226.521,50.000,356.000,591.000,235.000,0.000,42.2574004302069284,-71.6647924687247695,O,
124.608,226.521,50.000,357.000,591.000,234.000,0.000,42.2573283999999987,-71.6648950999999954,O,
125.095,229.691,50.000,357.000,591.000,234.000,0.000,42.2572555197088704,-71.6650111731590869,O,
125.582,229.691,50.000,359.000,591.000,232.000,0.000,42.2571826394177350,-71.6651272463181783,O,
126.069,229.691,50.000,359.000,591.000,232.000,0.000,42.2571097591266067,-71.6652433194772698,O,
126.556,229.691,50.000,359.000,591.000,232.000,0.000,42.2570368788354713,-71.6653593926363470,O,
126.591,229.691,50.000,359.000,591.000,232.000,0.000,42.2570315999999977,-71.6653677999999985,O,
127.072,232.238,50.000,358.000,591.000,233.000,0.000,42.2569634316968248,-71.6654867016296748,O,
127.554,232.238,50.000,357.000,591.000,234.000,0.000,42.2568952633936519,-71.6656056032593369,O,
128.035,232.238,50.000,356.000,591.000,235.000,0.000,42.2568270950904790,-71.6657245048890132,O,
128.516,232.238,50.000,353.000,591.000,238.000,0.000,42.2567589267873061,-71.6658434065186896,O,
128.551,232.238,50.000,353.000,591.000,238.000,0.000,42.2567540000000008,-71.6658520000000010,O,
129.027,234.371,50.000,351.000,591.000,240.000,0.000,42.2566897741773175,-71.6659730766649545,O,
129.504,234.371,50.000,348.000,591.000,243.000,0.000,42.2566255483546414,-71.6660941533299223,O,
129.981,234.371,50.000,347.000,591.000,244.000,0.000,42.2565613225319581,-71.6662152299948758,O,
130.457,234.371,50.000,349.000,591.000,242.000,0.000,42.2564970967092819,-71.6663363066598293,O,
130.502,234.371,50.000,349.000,591.000,242.000,0.000,42.2564909999999969,-71.6663477999999969,O,
130.978,234.676,50.000,353.000,591.000,238.000,0.000,42.2564273370507166,-71.6664691735720254,O,
131.454,234.676,50.000,359.000,591.000,232.000,0.000,42.2563636741014363,-71.6665905471440396,O,
131.930,234.676,50.000,365.000,591.000,226.000,16.000,42.2563000111521561,-71.6667119207160681,O,
132.406,234.676,50.000,369.000,607.000,238.000,0.000,42.2562363482028758,-71.6668332942880824,O,
132.446,234.676,50.000,370.000,607.000,237.000,0.000,42.2562311000000008,-71.6668432999999965,O,
132.923,233.844,50.000,373.000,607.000,234.000,0.000,42.2561659007776029,-71.6669638552839672,O,
133.401,233.844,50.000,373.000,607.000,234.000,0.000,42.2561007015551979,-71.6670844105679521,O,
133.879,233.844,50.000,372.000,607.000,235.000,0.000,42.2560355023328000,-71.6672049658519228,O,
134.356,233.844,50.000,374.000,607.000,233.000,0.000,42.2559703031104021,-71.6673255211359077,O,
134.484,233.845,50.000,375.000,607.000,232.000,0.000,42.2559528999999969,-71.6673576999999966,O,
134.965,232.378,50.000,377.000,607.000,230.000,0.000,42.2558849892609345,-71.6674767489252957,O,
135.446,232.378,50.000,379.000,607.000,228.000,0.000,42.2558170785218721,-71.6675957978506091,O,
135.927,232.378,50.000,378.000,607.000,229.000,0.000,42.2557491677828025,-71.6677148467759082,O,
136.408,232.378,50.000,378.000,607.000,229.000,0.000,42.2556812570437401,-71.6678338957012073,O,
136.477,232.378,50.000,378.000,607.000,229.000,0.000,42.2556714999999983,-71.6678509999999989,O,
136.956,232.950,50.000,376.000,607.000,231.000,0.000,42.2556046477182079,-71.6679706465106676,O,
137.436,232.951,50.000,373.000,607.000,234.000,0.000,42.2555377954364104,-71.6680902930213364,O,
137.916,232.951,50.000,372.000,607.000,235.000,0.000,42.2554709431546200,-71.6682099395320051,O,
138.395,232.951,50.000,371.000,607.000,236.000,0.000,42.2554040908728226,-71.6683295860426739,O,
138.875,232.951,50.000,373.000,607.000,234.000,0.000,42.2553372385910322,-71.6684492325533427,O,
139.355,232.951,50.000,375.000,607.000,232.000,0.000,42.2552703863092418,-71.6685688790640114,O,
139.834,232.951,50.000,377.000,607.000,230.000,0.000,42.2552035340274443,-71.6686885255746802,O,
140.314,232.951,50.000,380.000,607.000,227.000,0.000,42.2551366817456540,-71.6688081720853489,O,
140.551,232.951,50.000,381.000,607.000,226.000,16.000,42.2551036999999994,-71.6688671999999940,O,
141.038,229.703,50.000,385.000,623.000,238.000,0.000,42.2550308403007762,-71.6689832860858331,O,
141.525,229.703,50.000,389.000,623.000,234.000,0.000,42.2549579806015529,-71.6690993721716723,O,
142.012,229.703,50.000,391.000,623.000,232.000,0.000,42.2548851209023297,-71.6692154582575114,O,
142.499,229.703,50.000,391.000,623.000,232.000,0.000,42.2548122612031065,-71.6693315443433505,O,
142.919,229.703,50.000,390.000,623.000,233.000,0.000,42.2547494000000015,-71.6694317000000041,O,
143.408,228.811,50.000,387.000,623.000,236.000,0.000,42.2546748906213452,-71.6695467342018304,O,
143.897,228.811,50.000,386.000,623.000,237.000,0.000,42.2546003812426960,-71.6696617684036426,O,
144.386,228.811,50.000,385.000,623.000,238.000,0.000,42.2545258718640397,-71.6697768026054689,O,
144.875,228.811,50.000,384.000,623.000,239.000,0.000,42.2544513624853835,-71.6698918368072952,O,
145.282,228.811,50.000,384.000,623.000,239.000,0.000,42.2543894000000009,-71.6699875000000048,O,
145.775,227.211,50.000,389.000,623.000,234.000,0.000,42.2543119350276015,-71.6701005649952378,O,
146.268,227.211,50.000,389.000,623.000,234.000,0.000,42.2542344700552022,-71.6702136299904708,O,
146.761,227.211,50.000,387.000,623.000,236.000,0.000,42.2541570050827957,-71.6703266949857039,O,
147.254,227.211,50.000,386.000,623.000,237.000,0.000,42.2540795401103964,-71.6704397599809369,O,
147.611,227.211,50.000,383.000,623.000,240.000,0.000,42.2540234000000012,-71.6705216999999948,O,
148.107,225.996,50.000,378.000,623.000,245.000,0.000,42.2539436931873311,-71.6706331959152152,O,
148.603,225.996,50.000,373.000,623.000,250.000,0.000,42.2538639863746539,-71.6707446918304214,O,
149.099,225.996,50.000,371.000,623.000,252.000,0.000,42.2537842795619838,-71.6708561877456418,O,
149.595,225.996,50.000,369.000,623.000,254.000,0.000,42.2537045727493137,-71.6709676836608622,O,
149.942,225.996,50.000,367.000,623.000,256.000,0.000,42.2536488000000006,-71.6710456999999934,O,
150.445,223.264,50.000,367.000,623.000,256.000,0.000,42.2535640754499795,-71.6711534323800805,O,
150.948,223.264,50.000,370.000,623.000,253.000,0.000,42.2534793508999584,-71.6712611647601818,O,
151.451,223.264,50.000,370.000,623.000,253.000,0.000,42.2533946263499374,-71.6713688971402689,O,
151.954,223.264,50.000,371.000,623.000,252.000,0.000,42.2533099017999163,-71.6714766295203560,O,
152.457,223.265,50.000,373.000,623.000,250.000,0.000,42.2532251772498952,-71.6715843619004431,O,
152.902,223.265,50.000,373.000,623.000,250.000,0.000,42.2531502000000003,-71.6716796999999985,O,
153.407,222.368,50.000,373.000,623.000,250.000,0.000,42.2530638372831788,-71.6717861236639067,O,
153.913,222.368,50.000,375.000,623.000,248.000,0.000,42.2529774745663644,-71.6718925473278148,O,
154.418,222.369,50.000,378.000,623.000,245.000,0.000,42.2528911118495429,-71.6719989709917229,O,
154.923,222.369,50.000,379.000,623.000,244.000,0.000,42.2528047491327214,-71.6721053946556310,O,
155.429,222.369,50.000,380.000,623.000,243.000,0.000,42.2527183864158999,-71.6722118183195391,O,
155.934,222.369,50.000,381.000,623.000,242.000,0.000,42.2526320236990856,-71.6723182419834615,O,
156.439,222.369,50.000,380.000,623.000,243.000,0.000,42.2525456609822641,-71.6724246656473696,O,
156.945,222.369,50.000,379.000,623.000,244.000,0.000,42.2524592982654426,-71.6725310893112777,O,
157.450,222.369,50.000,381.000,623.000,242.000,0.000,42.2523729355486282,-71.6726375129751858,O,
157.955,222.369,50.000,379.000,623.000,244.000,0.000,42.2522865728318067,-71.6727439366390939,O,
158.460,222.369,50.000,376.000,623.000,247.000,0.000,42.2522002101149852,-71.6728503603030020,O,
158.966,222.369,50.000,375.000,623.000,248.000,0.000,42.2521138473981708,-71.6729567839669102,O,
159.471,222.369,50.000,373.000,623.000,250.000,0.000,42.2520274846813493,-71.6730632076308183,O,
159.976,222.369,50.000,370.000,623.000,253.000,0.000,42.2519411219645278,-71.6731696312947264,O,
160.482,222.369,50.000,368.000,623.000,255.000,0.000,42.2518547592477063,-71.6732760549586345,O,
160.987,222.369,50.000,366.000,623.000,257.000,0.000,42.2517683965308919,-71.6733824786225426,O,
161.086,222.369,50.000,366.000,623.000,257.000,0.000,42.2517514999999975,-71.6734033000000039,O,
161.584,225.240,50.000,362.000,623.000,261.000,0.000,42.2516704009726354,-71.6735137873877761,O,
162.082,225.240,50.000,360.000,623.000,263.000,0.000,42.2515893019452733,-71.6736242747755483,O,
162.580,225.241,50.000,361.000,623.000,262.000,0.000,42.2515082029179112,-71.6737347621633205,O,
162.946,225.241,50.000,362.000,623.000,261.000,0.000,42.2514485000000022,-71.6738160999999963,O,
163.436,228.449,50.000,365.000,623.000,258.000,0.000,42.2513733197759365,-71.6739306968978838,O,
163.926,228.449,50.000,369.000,623.000,254.000,0.000,42.2512981395518636,-71.6740452937957713,O,
164.416,228.449,50.000,374.000,623.000,249.000,0.000,42.2512229593277979,-71.6741598906936588,O,
164.797,228.450,50.000,377.000,623.000,246.000,0.000,42.2511645000000016,-71.6742490000000032,O,
165.279,231.759,50.000,379.000,623.000,244.000,0.000,42.2510954411439812,-71.6743673866103137,O,
165.762,231.759,50.000,378.000,623.000,245.000,0.000,42.2510263822879679,-71.6744857732206384,O,
166.244,231.759,50.000,376.000,623.000,247.000,0.000,42.2509573234319475,-71.6746041598309489,O,
166.684,231.760,50.000,374.000,623.000,249.000,0.000,42.2508942999999988,-71.6747122000000019,O,
167.160,234.993,50.000,371.000,623.000,252.000,0.000,42.2508312192152431,-71.6748338771535316,O,
167.635,234.993,50.000,368.000,623.000,255.000,0.000,42.2507681384304874,-71.6749555543070613,O,
168.110,234.993,50.000,366.000,623.000,257.000,0.000,42.2507050576457388,-71.6750772314605911,O,
168.433,234.993,50.000,367.000,623.000,256.000,0.000,42.2506622000000007,-71.6751598999999970,O,
168.903,237.631,50.000,367.000,623.000,256.000,0.000,42.2506039835461351,-71.6752839780383226,O,
169.373,237.631,50.000,368.000,623.000,255.000,0.000,42.2505457670922695,-71.6754080560766624,O,
169.843,237.631,50.000,369.000,623.000,254.000,0.000,42.2504875506384039,-71.6755321341149880,O,
170.173,237.631,50.000,370.000,623.000,253.000,0.000,42.2504466999999977,-71.6756191999999999,O,
170.637,240.884,50.000,371.000,623.000,252.000,0.000,42.2503944620556879,-71.6757459111371276,O,
171.101,240.884,50.000,372.000,623.000,251.000,0.000,42.2503422241113853,-71.6758726222742411,O,
171.566,240.885,50.000,374.000,623.000,249.000,0.000,42.2502899861670755,-71.6759993334113688,O,
172.030,240.885,50.000,375.000,623.000,248.000,0.000,42.2502377482227658,-71.6761260445484822,O,
172.043,240.885,50.000,375.000,623.000,248.000,0.000,42.2502362000000034,-71.6761297999999982,O,
172.503,243.813,50.000,377.000,623.000,246.000,0.000,42.2501893185025779,-71.6762585891311232,O,
172.962,243.813,50.000,379.000,623.000,244.000,0.000,42.2501424370051595,-71.6763873782622483,O,
173.421,243.813,50.000,380.000,623.000,243.000,0.000,42.2500955555077340,-71.6765161673933733,O,
173.880,243.813,50.000,381.000,623.000,242.000,0.000,42.2500486740103156,-71.6766449565244983,O,
174.000,243.813,50.000,381.000,623.000,242.000,0.000,42.2500365000000002,-71.6766784000000001,O,
174.454,247.236,50.000,381.000,623.000,242.000,0.000,42.2499958446398267,-71.6768092879550807,O,
174.908,247.236,50.000,380.000,623.000,243.000,0.000,42.2499551892796461,-71.6769401759101612,O,
175.362,247.236,50.000,381.000,623.000,242.000,0.000,42.2499145339194726,-71.6770710638652417,O,
175.792,247.236,50.000,382.000,623.000,241.000,0.000,42.2498761000000016,-71.6771947999999952,O,
176.243,249.627,50.000,384.000,623.000,239.000,0.000,42.2498397726621775,-71.6773269546049931,O,
176.694,249.627,50.000,385.000,623.000,238.000,0.000,42.2498034453243605,-71.6774591092100053,O,
177.145,249.627,50.000,386.000,623.000,237.000,0.000,42.2497671179865364,-71.6775912638150032,O,
177.575,249.627,50.000,387.000,623.000,236.000,0.000,42.2497325000000004,-71.6777172000000036,O,
178.022,253.581,50.000,388.000,623.000,235.000,0.000,42.2497032907424739,-71.6778511079324403,O,
178.468,253.581,50.000,388.000,623.000,235.000,0.000,42.2496740814849474,-71.6779850158648912,O,
178.915,253.581,50.000,389.000,623.000,234.000,0.000,42.2496448722274209,-71.6781189237973280,O,
179.362,253.581,50.000,389.000,623.000,234.000,0.000,42.2496156629699016,-71.6782528317297789,O,
179.658,253.581,50.000,389.000,623.000,234.000,0.000,42.2495963000000003,-71.6783415999999960,O,
180.103,255.813,50.000,389.000,623.000,234.000,0.000,42.2495710910544489,-71.6784763183141251,O,
180.547,255.813,50.000,389.000,623.000,234.000,0.000,42.2495458821088903,-71.6786110366282401,O,
180.992,255.813,50.000,389.000,623.000,234.000,0.000,42.2495206731633388,-71.6787457549423692,O,
181.436,255.813,50.000,389.000,623.000,234.000,0.000,42.2494954642177802,-71.6788804732564842,O,
181.739,255.813,50.000,388.000,623.000,235.000,0.000,42.2494782999999998,-71.6789722000000040,O,
182.183,257.055,50.000,388.000,623.000,235.000,0.000,42.2494553103663222,-71.6791073147358446,O,
182.626,257.055,50.000,389.000,623.000,234.000,0.000,42.2494323207326374,-71.6792424294716710,O,
183.070,257.055,50.000,393.000,623.000,230.000,0.000,42.2494093310989598,-71.6793775442075116,O,
183.514,257.055,50.000,396.000,623.000,227.000,0.000,42.2493863414652751,-71.6795126589433380,O,
183.957,257.055,50.000,398.000,623.000,225.000,16.000,42.2493633518315974,-71.6796477736791786,O,
184.401,257.055,50.000,399.000,639.000,240.000,0.000,42.2493403621979198,-71.6797828884150050,O,
184.845,257.055,50.000,399.000,639.000,240.000,0.000,42.2493173725642350,-71.6799180031508456,O,
185.244,257.055,50.000,398.000,639.000,241.000,0.000,42.2492967000000021,-71.6800395000000066,O,
185.688,256.014,50.000,398.000,639.000,241.000,0.000,42.2492718506231952,-71.6801742851014438,O,
185.927,256.014,50.000,397.000,639.000,242.000,0.000,42.2492585000000034,-71.6802466999999979,O,
186.374,253.525,50.000,398.000,639.000,241.000,0.000,42.2492291898469432,-71.6803805858843361,O,
186.544,253.525,50.000,398.000,639.000,241.000,0.000,42.2492179999999991,-71.6804316999999998,O,
186.993,251.483,50.000,400.000,639.000,239.000,0.000,42.2491850193602474,-71.6805647292918735,O,
187.153,251.483,50.000,401.000,639.000,238.000,0.000,42.2491733000000025,-71.6806119999999964,O,
187.603,250.598,50.000,404.000,639.000,235.000,0.000,42.2491387249174153,-71.6807446238242534,O,
188.053,250.598,50.000,406.000,639.000,233.000,0.000,42.2491041498348210,-71.6808772476485103,O,
188.373,250.598,50.000,407.000,639.000,232.000,0.000,42.2490795000000006,-71.6809717999999947,O,
188.827,247.302,50.000,408.000,639.000,231.000,0.000,42.2490389629598795,-71.6811027246480705,O,
189.282,247.302,50.000,410.000,639.000,229.000,0.000,42.2489984259197513,-71.6812336492961464,O,
189.646,247.302,50.000,411.000,639.000,228.000,0.000,42.2489659000000017,-71.6813386999999977,O,
190.103,244.995,50.000,414.000,639.000,225.000,16.000,42.2489211713976118,-71.6814682525654803,O,
190.561,244.995,50.000,416.000,655.000,239.000,0.000,42.2488764427952219,-71.6815978051309770,O,
190.929,244.995,50.000,419.000,655.000,236.000,0.000,42.2488403999999989,-71.6817022000000037,O,
191.395,239.891,50.000,423.000,655.000,232.000,0.000,42.2487863388826526,-71.6818281440776275,O,
191.861,239.891,50.000,425.000,655.000,230.000,0.000,42.2487322777652992,-71.6819540881552371,O,
191.946,239.891,50.000,425.000,655.000,230.000,0.000,42.2487223999999983,-71.6819770999999974,O,
192.416,237.764,50.000,426.000,655.000,229.000,0.000,42.2486644279228258,-71.6821012924046101,O,
192.886,237.764,50.000,426.000,655.000,229.000,0.000,42.2486064558456533,-71.6822254848092371,O,
192.949,237.764,50.000,426.000,655.000,229.000,0.000,42.2485987000000023,-71.6822420999999963,O,
193.421,236.527,50.000,423.000,655.000,232.000,0.000,42.2485384474572641,-71.6823652021778344,O,
193.893,236.527,50.000,419.000,655.000,236.000,0.000,42.2484781949145187,-71.6824883043556866,O,
193.949,236.527,50.000,418.000,655.000,237.000,0.000,42.2484711000000033,-71.6825027999999946,O,
194.424,235.167,50.000,413.000,655.000,242.000,0.000,42.2484083373710391,-71.6826246415672159,O,
194.899,235.167,50.000,408.000,655.000,247.000,0.000,42.2483455747420820,-71.6827464831344372,O,
194.968,235.167,50.000,407.000,655.000,248.000,0.000,42.2483365000000006,-71.6827641000000000,O,
195.454,229.978,50.000,408.000,655.000,247.000,0.000,42.2482641431376109,-71.6828805001699294,O,
195.940,229.978,50.000,408.000,655.000,247.000,0.000,42.2481917862752141,-71.6829969003398730,O,
196.427,229.978,50.000,409.000,655.000,246.000,0.000,42.2481194294128244,-71.6831133005098025,O,
196.913,229.978,50.000,411.000,655.000,244.000,0.000,42.2480470725504276,-71.6832297006797461,O,
196.993,229.978,50.000,411.000,655.000,244.000,0.000,42.2480351999999968,-71.6832488000000012,O,
197.481,229.077,50.000,413.000,655.000,242.000,0.000,42.2479611762127831,-71.6833641472757535,O,
197.970,229.077,50.000,413.000,655.000,242.000,0.000,42.2478871524255766,-71.6834794945515057,O,
198.458,229.077,50.000,411.000,655.000,244.000,0.000,42.2478131286383629,-71.6835948418272579,O,
198.947,229.077,50.000,410.000,655.000,245.000,0.000,42.2477391048511564,-71.6837101891030102,O,
199.010,229.077,50.000,410.000,655.000,245.000,0.000,42.2477295999999996,-71.6837249999999955,O,
199.504,226.641,50.000,410.000,655.000,245.000,0.000,42.2476510771308327,-71.6838373328719172,O,
199.999,226.641,50.000,409.000,655.000,246.000,0.000,42.2475725542616587,-71.6839496657438389,O,
200.493,226.641,50.000,408.000,655.000,247.000,0.000,42.2474940313924918,-71.6840619986157606,O,
200.987,226.641,50.000,407.000,655.000,248.000,0.000,42.2474155085233249,-71.6841743314876680,O,
201.482,226.641,50.000,407.000,655.000,248.000,0.000,42.2473369856541510,-71.6842866643595897,O,
201.976,226.641,50.000,405.000,655.000,250.000,0.000,42.2472584627849841,-71.6843989972315114,O,
202.471,226.641,50.000,403.000,655.000,252.000,0.000,42.2471799399158172,-71.6845113301034331,O,
202.965,226.641,50.000,401.000,655.000,254.000,0.000,42.2471014170466503,-71.6846236629753548,O,
203.454,226.641,50.000,399.000,655.000,256.000,0.000,42.2470238000000009,-71.6847347000000070,O,
203.945,227.973,50.000,397.000,655.000,258.000,0.000,42.2469477364584804,-71.6848487125113678,O,
204.436,227.973,50.000,397.000,655.000,258.000,0.000,42.2468716729169529,-71.6849627250227286,O,
204.927,227.973,50.000,398.000,655.000,257.000,0.000,42.2467956093754324,-71.6850767375340894,O,
205.418,227.973,50.000,400.000,655.000,255.000,0.000,42.2467195458339049,-71.6851907500454502,O,
205.910,227.973,50.000,402.000,655.000,253.000,0.000,42.2466434822923844,-71.6853047625568252,O,
206.401,227.974,50.000,404.000,655.000,251.000,0.000,42.2465674187508569,-71.6854187750681859,O,
206.892,227.974,50.000,404.000,655.000,251.000,0.000,42.2464913552093364,-71.6855327875795467,O,
207.383,227.974,50.000,403.000,655.000,252.000,0.000,42.2464152916678088,-71.6856468000909075,O,
207.874,227.974,50.000,402.000,655.000,253.000,0.000,42.2463392281262884,-71.6857608126022683,O,
208.365,227.974,50.000,404.000,655.000,251.000,0.000,42.2462631645847608,-71.6858748251136291,O,
208.856,227.974,50.000,407.000,655.000,248.000,0.000,42.2461871010432404,-71.6859888376249899,O,
209.089,227.974,50.000,408.000,655.000,247.000,0.000,42.2461510999999987,-71.6860427999999956,O,
209.581,227.602,50.000,411.000,655.000,244.000,0.000,42.2460743494511846,-71.6861563511706379,O,
210.073,227.602,50.000,412.000,655.000,243.000,0.000,42.2459975989023775,-71.6862699023412659,O,
210.565,227.602,50.000,411.000,655.000,244.000,0.000,42.2459208483535633,-71.6863834535119082,O,
211.057,227.602,50.000,413.000,655.000,242.000,0.000,42.2458440978047491,-71.6864970046825505,O,
211.323,227.602,50.000,414.000,655.000,241.000,0.000,42.2458025999999975,-71.6865583999999956,O,
211.809,230.222,50.000,416.000,655.000,239.000,0.000,42.2457306918793023,-71.6866750779211088,O,
212.295,230.222,50.000,418.000,655.000,237.000,0.000,42.2456587837586071,-71.6867917558422079,O,
212.764,230.222,50.000,419.000,655.000,236.000,0.000,42.2455892999999989,-71.6869044999999971,O,
213.244,233.068,50.000,422.000,655.000,233.000,0.000,42.2455226568157443,-71.6870242631040355,O,
213.723,233.068,50.000,424.000,655.000,231.000,0.000,42.2454560136314825,-71.6871440262080739,O,
214.193,233.068,50.000,424.000,655.000,231.000,0.000,42.2453907000000015,-71.6872613999999970,O,
214.665,236.811,50.000,423.000,655.000,232.000,0.000,42.2453309690209977,-71.6873847560912338,O,
215.137,236.811,50.000,420.000,655.000,235.000,0.000,42.2452712380420010,-71.6875081121824564,O,
215.608,236.811,50.000,419.000,655.000,236.000,0.000,42.2452115070629972,-71.6876314682736933,O,
215.695,236.811,50.000,419.000,655.000,236.000,0.000,42.2452005000000028,-71.6876541999999972,O,
216.161,239.955,50.000,417.000,655.000,238.000,0.000,42.2451465522531251,-71.6877801926811458,O,
216.627,239.955,50.000,417.000,655.000,238.000,0.000,42.2450926045062474,-71.6879061853622943,O,
217.093,239.955,50.000,417.000,655.000,238.000,0.000,42.2450386567593625,-71.6880321780434429,O,
217.185,239.955,50.000,417.000,655.000,238.000,0.000,42.2450278999999966,-71.6880572999999970,O,
217.644,244.438,50.000,418.000,655.000,237.000,0.000,42.2449821543060864,-71.6881864969294753,O,
218.102,244.438,50.000,419.000,655.000,236.000,0.000,42.2449364086121761,-71.6883156938589394,O,
218.560,244.438,50.000,419.000,655.000,236.000,0.000,42.2448906629182659,-71.6884448907884178,O,
218.839,244.438,50.000,419.000,655.000,236.000,0.000,42.2448629000000011,-71.6885232999999999,O,
219.291,248.545,50.000,419.000,655.000,236.000,0.000,42.2448246127766254,-71.6886549001657443,O,
219.744,248.545,50.000,420.000,655.000,235.000,0.000,42.2447863255532496,-71.6887865003314744,O,
220.196,248.545,50.000,420.000,655.000,235.000,0.000,42.2447480383298810,-71.6889181004972187,O,
220.466,248.545,50.000,419.000,655.000,236.000,0.000,42.2447251999999978,-71.6889965999999959,O,
220.914,252.684,50.000,416.000,655.000,239.000,0.000,42.2446943775753425,-71.6891301458469314,O,
221.361,252.684,50.000,414.000,655.000,241.000,0.000,42.2446635551506873,-71.6892636916938670,O,
221.809,252.684,50.000,413.000,655.000,242.000,0.000,42.2446327327260249,-71.6893972375408168,O,
222.125,252.684,50.000,411.000,655.000,244.000,0.000,42.2446109999999990,-71.6894913999999943,O,
222.569,256.530,50.000,409.000,655.000,246.000,0.000,42.2445870701400281,-71.6896263513871617,O,
223.013,256.530,50.000,408.000,655.000,247.000,0.000,42.2445631402800643,-71.6897613027743290,O,
223.457,256.530,50.000,408.000,655.000,247.000,0.000,42.2445392104200934,-71.6898962541614964,O,
223.761,256.530,50.000,408.000,655.000,247.000,0.000,42.2445227999999986,-71.6899887999999947,O,
224.202,260.900,50.000,407.000,655.000,248.000,0.000,42.2445066622894601,-71.6901249032306538,O,
224.644,260.900,50.000,407.000,655.000,248.000,0.000,42.2444905245789286,-71.6902610064613128,O,
225.085,260.900,50.000,407.000,655.000,248.000,0.000,42.2444743868683901,-71.6903971096919577,O,
225.526,260.900,50.000,407.000,655.000,248.000,0.000,42.2444582491578586,-71.6905332129226167,O,
225.967,260.900,50.000,406.000,655.000,249.000,0.000,42.2444421114473201,-71.6906693161532758,O,
226.408,260.900,50.000,404.000,655.000,251.000,0.000,42.2444259737367886,-71.6908054193839348,O,
226.849,260.900,50.000,404.000,655.000,251.000,0.000,42.2444098360262501,-71.6909415226145796,O,
227.290,260.900,50.000,404.000,655.000,251.000,0.000,42.2443936983157187,-71.6910776258452387,O,
227.731,260.900,50.000,402.000,655.000,253.000,0.000,42.2443775606051801,-71.6912137290758977,O,
227.894,260.900,50.000,402.000,655.000,253.000,0.000,42.2443716000000009,-71.6912640000000039,O,
228.335,261.685,50.000,400.000,655.000,255.000,0.000,42.2443568574948500,-71.6914002614165469,O,
228.776,261.685,50.000,399.000,655.000,256.000,0.000,42.2443421149897063,-71.6915365228330899,O,
229.216,261.685,50.000,397.000,655.000,258.000,0.000,42.2443273724845554,-71.6916727842496329,O,
229.657,261.685,50.000,396.000,655.000,259.000,0.000,42.2443126299794116,-71.6918090456661758,O,
230.098,261.685,50.000,395.000,655.000,260.000,0.000,42.2442978874742607,-71.6919453070827188,O,
230.538,261.685,50.000,395.000,655.000,260.000,0.000,42.2442831449691170,-71.6920815684992618,O,
230.979,261.685,50.000,395.000,655.000,260.000,0.000,42.2442684024639661,-71.6922178299158048,O,
231.420,261.685,50.000,393.000,655.000,262.000,0.000,42.2442536599588223,-71.6923540913323478,O,
231.860,261.685,50.000,391.000,655.000,264.000,0.000,42.2442389174536714,-71.6924903527488908,O,
232.301,261.685,50.000,387.000,655.000,268.000,0.000,42.2442241749485277,-71.6926266141654338,O,
232.742,261.685,50.000,382.000,655.000,273.000,0.000,42.2442094324433768,-71.6927628755819768,O,
233.183,261.685,50.000,381.000,655.000,274.000,0.000,42.2441946899382330,-71.6928991369985198,O,
233.623,261.685,50.000,381.000,655.000,274.000,0.000,42.2441799474330821,-71.6930353984150628,O,
234.064,261.685,50.000,383.000,655.000,272.000,0.000,42.2441652049279313,-71.6931716598316058,O,
234.505,261.685,50.000,387.000,655.000,268.000,0.000,42.2441504624227875,-71.6933079212481488,O,
234.945,261.685,50.000,391.000,655.000,264.000,0.000,42.2441357199176366,-71.6934441826646918,O,
235.386,261.685,50.000,396.000,655.000,259.000,0.000,42.2441209774124928,-71.6935804440812348,O,
235.827,261.685,50.000,399.000,655.000,256.000,0.000,42.2441062349073420,-71.6937167054977778,O,
236.267,261.685,50.000,400.000,655.000,255.000,0.000,42.2440914924021982,-71.6938529669143207,O,
236.708,261.685,50.000,400.000,655.000,255.000,0.000,42.2440767498970473,-71.6939892283308637,O,
237.149,261.685,50.000,399.000,655.000,256.000,0.000,42.2440620073919035,-71.6941254897474067,O,
237.590,261.685,50.000,397.000,655.000,258.000,0.000,42.2440472648867527,-71.6942617511639497,O,
238.030,261.685,50.000,396.000,655.000,259.000,0.000,42.2440325223816089,-71.6943980125804927,O,
238.471,261.685,50.000,395.000,655.000,260.000,0.000,42.2440177798764580,-71.6945342739970357,O,
238.912,261.685,50.000,395.000,655.000,260.000,0.000,42.2440030373713071,-71.6946705354135787,O,
239.352,261.685,50.000,394.000,655.000,261.000,0.000,42.2439882948661634,-71.6948067968301217,O,
239.793,261.685,50.000,393.000,655.000,262.000,0.000,42.2439735523610125,-71.6949430582466647,O,
240.234,261.685,50.000,391.000,655.000,264.000,0.000,42.2439588098558687,-71.6950793196632077,O,
240.674,261.685,50.000,390.000,655.000,265.000,0.000,42.2439440673507178,-71.6952155810797507,O,
241.115,261.685,50.000,388.000,655.000,267.000,0.000,42.2439293248455741,-71.6953518424962937,O,
241.556,261.685,50.000,385.000,655.000,270.000,0.000,42.2439145823404232,-71.6954881039128367,O,
241.996,261.685,50.000,382.000,655.000,273.000,-16.000,42.2438998398352794,-71.6956243653293797,O,
242.437,261.685,50.000,379.000,639.000,260.000,0.000,42.2438850973301285,-71.6957606267459227,O,
242.878,261.685,50.000,378.000,639.000,261.000,0.000,42.2438703548249848,-71.6958968881624656,O,
243.319,261.685,50.000,378.000,639.000,261.000,0.000,42.2438556123198339,-71.6960331495790086,O,
243.759,261.685,50.000,378.000,639.000,261.000,0.000,42.2438408698146901,-71.6961694109955516,O,
244.200,261.685,50.000,380.000,639.000,259.000,0.000,42.2438261273095392,-71.6963056724120946,O,
244.641,261.685,50.000,381.000,639.000,258.000,0.000,42.2438113848043884,-71.6964419338286376,O,
245.081,261.685,50.000,381.000,639.000,258.000,0.000,42.2437966422992446,-71.6965781952451806,O,
245.522,261.685,50.000,380.000,639.000,259.000,0.000,42.2437818997940937,-71.6967144566617236,O,
245.963,261.685,50.000,380.000,639.000,259.000,0.000,42.2437671572889499,-71.6968507180782666,O,
246.403,261.685,50.000,379.000,639.000,260.000,0.000,42.2437524147837991,-71.6969869794948096,O,
246.844,261.685,50.000,378.000,639.000,261.000,0.000,42.2437376722786553,-71.6971232409113526,O,
247.285,261.685,50.000,378.000,639.000,261.000,0.000,42.2437229297735044,-71.6972595023278956,O,
247.726,261.685,50.000,379.000,639.000,260.000,0.000,42.2437081872683606,-71.6973957637444386,O,
248.166,261.685,50.000,380.000,639.000,259.000,0.000,42.2436934447632098,-71.6975320251609816,O,
248.607,261.685,50.000,380.000,639.000,259.000,0.000,42.2436787022580660,-71.6976682865775246,O,
249.048,261.685,50.000,380.000,639.000,259.000,0.000,42.2436639597529151,-71.6978045479940675,O,
249.488,261.685,50.000,380.000,639.000,259.000,0.000,42.2436492172477642,-71.6979408094106105,O,
249.929,261.685,50.000,380.000,639.000,259.000,0.000,42.2436344747426205,-71.6980770708271535,O,
250.370,261.685,50.000,380.000,639.000,259.000,0.000,42.2436197322374696,-71.6982133322436965,O,
250.810,261.685,50.000,381.000,639.000,258.000,0.000,42.2436049897323258,-71.6983495936602395,O,
251.251,261.685,50.000,381.000,639.000,258.000,0.000,42.2435902472271749,-71.6984858550767825,O,
251.692,261.685,50.000,381.000,639.000,258.000,0.000,42.2435755047220312,-71.6986221164933255,O,
251.734,261.685,50.000,381.000,639.000,258.000,0.000,42.2435740999999965,-71.6986351000000042,O,
252.175,260.820,50.000,381.000,639.000,258.000,0.000,42.2435578188136986,-71.6987711861420962,O,
252.616,260.820,50.000,379.000,639.000,260.000,0.000,42.2435415376274008,-71.6989072722841883,O,
253.057,260.820,50.000,377.000,639.000,262.000,0.000,42.2435252564411030,-71.6990433584262803,O,
253.498,260.820,50.000,375.000,639.000,264.000,0.000,42.2435089752548052,-71.6991794445683723,O,
253.744,260.820,50.000,374.000,639.000,265.000,0.000,42.2434999000000033,-71.6992553000000044,O,
254.185,261.679,50.000,373.000,639.000,266.000,0.000,42.2434851471465151,-71.6993915602965330,O,
254.626,261.679,50.000,373.000,639.000,266.000,0.000,42.2434703942930199,-71.6995278205930617,O,
255.066,261.679,50.000,375.000,639.000,264.000,0.000,42.2434556414395317,-71.6996640808895904,O,
255.507,261.679,50.000,376.000,639.000,263.000,0.000,42.2434408885860364,-71.6998003411861191,O,
255.948,261.679,50.000,378.000,639.000,261.000,0.000,42.2434261357325482,-71.6999366014826478,O,
256.389,261.679,50.000,379.000,639.000,260.000,0.000,42.2434113828790530,-71.7000728617791765,O,
256.829,261.679,50.000,379.000,639.000,260.000,0.000,42.2433966300255648,-71.7002091220757052,O,
257.270,261.679,50.000,379.000,639.000,260.000,0.000,42.2433818771720766,-71.7003453823722339,O,
257.711,261.679,50.000,376.000,639.000,263.000,0.000,42.2433671243185813,-71.7004816426687626,O,
258.151,261.679,50.000,373.000,639.000,266.000,0.000,42.2433523714650931,-71.7006179029652913,O,
258.592,261.679,50.000,372.000,639.000,267.000,0.000,42.2433376186115979,-71.7007541632618199,O,
259.033,261.679,50.000,373.000,639.000,266.000,0.000,42.2433228657581097,-71.7008904235583486,O,
259.474,261.679,50.000,377.000,639.000,262.000,0.000,42.2433081129046144,-71.7010266838548773,O,
259.914,261.679,50.000,381.000,639.000,258.000,0.000,42.2432933600511262,-71.7011629441514060,O,
260.355,261.679,50.000,385.000,639.000,254.000,0.000,42.2432786071976381,-71.7012992044479347,O,
260.796,261.679,50.000,388.000,639.000,251.000,0.000,42.2432638543441428,-71.7014354647444634,O,
261.236,261.679,50.000,386.000,639.000,253.000,0.000,42.2432491014906546,-71.7015717250409921,O,
261.677,261.679,50.000,383.000,639.000,256.000,0.000,42.2432343486371593,-71.7017079853375208,O,
262.118,261.679,50.000,378.000,639.000,261.000,0.000,42.2432195957836711,-71.7018442456340495,O,
262.558,261.679,50.000,373.000,639.000,266.000,0.000,42.2432048429301759,-71.7019805059305781,O,
262.673,261.679,50.000,372.000,639.000,267.000,0.000,42.2432009999999991,-71.7020160000000004,O,
263.114,260.913,50.000,369.000,639.000,270.000,0.000,42.2431848841866824,-71.7021521058252205,O,
263.555,260.913,50.000,368.000,639.000,271.000,0.000,42.2431687683733728,-71.7022882116504263,O,
263.997,260.913,50.000,369.000,639.000,270.000,0.000,42.2431526525600560,-71.7024243174756464,O,
264.430,260.913,50.000,371.000,639.000,268.000,0.000,42.2431368000000020,-71.7025581999999986,O,
264.871,261.146,50.000,375.000,639.000,264.000,0.000,42.2431210979678440,-71.7026943541820287,O,
265.312,261.146,50.000,377.000,639.000,262.000,0.000,42.2431053959356859,-71.7028305083640447,O,
265.753,261.146,50.000,377.000,639.000,262.000,0.000,42.2430896939035208,-71.7029666625460749,O,
266.113,261.146,50.000,377.000,639.000,262.000,0.000,42.2430768999999984,-71.7030776000000003,O,
266.555,259.159,50.000,377.000,639.000,262.000,0.000,42.2430576615671498,-71.7032132996602769,O,
266.997,259.159,50.000,377.000,639.000,262.000,0.000,42.2430384231343012,-71.7033489993205393,O,
267.439,259.159,50.000,377.000,639.000,262.000,0.000,42.2430191847014527,-71.7034846989808159,O,
267.786,259.159,50.000,377.000,639.000,262.000,0.000,42.2430041000000003,-71.7035910999999970,O,
268.229,258.509,50.000,379.000,639.000,260.000,0.000,42.2429837028431550,-71.7037266303327243,O,
268.671,258.509,50.000,380.000,639.000,259.000,0.000,42.2429633056863096,-71.7038621606654516,O,
269.114,258.509,50.000,381.000,639.000,258.000,0.000,42.2429429085294643,-71.7039976909981789,O,
269.324,258.509,50.000,381.000,639.000,258.000,0.000,42.2429332000000031,-71.7040621999999956,O,
269.768,256.941,50.000,382.000,639.000,257.000,0.000,42.2429100050497155,-71.7041972796408658,O,
270.212,256.941,50.000,381.000,639.000,258.000,0.000,42.2428868100994279,-71.7043323592817359,O,
270.656,256.941,50.000,380.000,639.000,259.000,0.000,42.2428636151491403,-71.7044674389226060,O,
270.974,256.941,50.000,380.000,639.000,259.000,0.000,42.2428469999999976,-71.7045641999999930,O,
271.419,255.363,50.000,378.000,639.000,261.000,0.000,42.2428209821704570,-71.7046987644367562,O,
271.864,255.363,50.000,376.000,639.000,263.000,0.000,42.2427949643409164,-71.7048333288735193,O,
272.309,255.363,50.000,374.000,639.000,265.000,0.000,42.2427689465113758,-71.7049678933102967,O,
272.575,255.363,50.000,373.000,639.000,266.000,0.000,42.2427533999999980,-71.7050483000000014,O,
273.020,254.799,50.000,372.000,639.000,267.000,0.000,42.2427263717613997,-71.7051826651346715,O,
273.466,254.799,50.000,372.000,639.000,267.000,0.000,42.2426993435227942,-71.7053170302693417,O,
273.912,254.799,50.000,372.000,639.000,267.000,0.000,42.2426723152841959,-71.7054513954040118,O,
274.240,254.799,50.000,373.000,639.000,266.000,0.000,42.2426523999999972,-71.7055504000000070,O,
274.688,252.533,50.000,373.000,639.000,266.000,0.000,42.2426213054923423,-71.7056838827580378,O,
275.136,252.533,50.000,373.000,639.000,266.000,0.000,42.2425902109846874,-71.7058173655160545,O,
275.583,252.533,50.000,373.000,639.000,266.000,0.000,42.2425591164770324,-71.7059508482740853,O,
275.922,252.533,50.000,374.000,639.000,265.000,0.000,42.2425355999999965,-71.7060517999999973,O,
276.371,251.432,50.000,374.000,639.000,265.000,0.000,42.2425025236269889,-71.7061848055211044,O,
276.820,251.432,50.000,374.000,639.000,265.000,0.000,42.2424694472539741,-71.7063178110422115,O,
277.269,251.432,50.000,374.000,639.000,265.000,0.000,42.2424363708809665,-71.7064508165633185,O,
277.718,251.432,50.000,374.000,639.000,265.000,0.000,42.2424032999999994,-71.7065838000000042,O,
278.169,249.704,50.000,376.000,639.000,263.000,0.000,42.2423671081683807,-71.7067159917789496,O,
278.620,249.704,50.000,377.000,639.000,262.000,0.000,42.2423309163367691,-71.7068481835578950,O,
278.629,249.704,50.000,377.000,639.000,262.000,0.000,42.2423301999999978,-71.7068507999999980,O,
279.081,249.033,50.000,376.000,639.000,263.000,0.000,42.2422927953826246,-71.7069826537435802,O,
279.533,249.033,50.000,373.000,639.000,266.000,0.000,42.2422553907652443,-71.7071145074871481,O,
279.545,249.033,50.000,373.000,639.000,266.000,0.000,42.2422544000000002,-71.7071179999999941,O,
279.998,248.031,50.000,370.000,639.000,269.000,0.000,42.2422151818250668,-71.7072493257394825,O,
280.451,248.031,50.000,368.000,639.000,271.000,0.000,42.2421759636501264,-71.7073806514789567,O,
280.904,248.031,50.000,367.000,639.000,272.000,0.000,42.2421367454751930,-71.7075119772184451,O,
281.312,248.031,50.000,368.000,639.000,271.000,0.000,42.2421014999999969,-71.7076299999999947,O,
281.768,246.111,50.000,369.000,639.000,270.000,0.000,42.2420587977730619,-71.7077602345380853,O,
282.223,246.111,50.000,372.000,639.000,267.000,0.000,42.2420160955461341,-71.7078904690761760,O,
282.679,246.111,50.000,376.000,639.000,263.000,0.000,42.2419733933191992,-71.7080207036142667,O,
283.135,246.111,50.000,380.000,639.000,259.000,0.000,42.2419306910922643,-71.7081509381523574,O,
283.197,246.111,50.000,381.000,639.000,258.000,0.000,42.2419249000000008,-71.7081685999999934,O,
283.655,244.714,50.000,384.000,639.000,255.000,0.000,42.2418796556126779,-71.7082979733377073,O,
284.113,244.714,50.000,384.000,639.000,255.000,0.000,42.2418344112253550,-71.7084273466754212,O,
284.571,244.714,50.000,383.000,639.000,256.000,0.000,42.2417891668380321,-71.7085567200131493,O,
285.029,244.714,50.000,381.000,639.000,258.000,0.000,42.2417439224507092,-71.7086860933508632,O,
285.343,244.714,50.000,379.000,639.000,260.000,0.000,42.2417129000000031,-71.7087748000000005,O,
285.802,243.723,50.000,377.000,639.000,262.000,0.000,42.2416658478253950,-71.7089035268734989,O,
286.261,243.723,50.000,376.000,639.000,263.000,0.000,42.2416187956507940,-71.7090322537469973,O,
286.463,243.723,50.000,376.000,639.000,263.000,0.000,42.2415981999999985,-71.7090886000000012,O,
286.924,242.689,50.000,377.000,639.000,262.000,0.000,42.2415492592743860,-71.7092166207814188,O,
287.385,242.689,50.000,378.000,639.000,261.000,0.000,42.2415003185487805,-71.7093446415628222,O,
287.593,242.689,50.000,378.000,639.000,261.000,0.000,42.2414782000000031,-71.7094024999999959,O,
288.057,241.282,50.000,378.000,639.000,261.000,0.000,42.2414266837823860,-71.7095295062770788,O,
288.520,241.282,50.000,375.000,639.000,264.000,0.000,42.2413751675647759,-71.7096565125541616,O,
288.984,241.282,50.000,371.000,639.000,268.000,0.000,42.2413236513471588,-71.7097835188312445,O,
289.447,241.282,50.000,367.000,639.000,272.000,0.000,42.2412721351295417,-71.7099105251083415,O,
289.528,241.282,50.000,367.000,639.000,272.000,0.000,42.2412630999999976,-71.7099328000000042,O,
289.995,239.257,50.000,365.000,639.000,274.000,-16.000,42.2412078688295907,-71.7100582353734524,O,
290.462,239.257,50.000,363.000,623.000,260.000,0.000,42.2411526376591908,-71.7101836707469005,O,
290.930,239.257,50.000,362.000,623.000,261.000,0.000,42.2410974064887839,-71.7103091061203486,O,
291.397,239.257,50.000,365.000,623.000,258.000,0.000,42.2410421753183840,-71.7104345414937967,O,
291.462,239.257,50.000,365.000,623.000,258.000,0.000,42.2410343999999967,-71.7104522000000060,O,
291.932,238.071,50.000,368.000,623.000,255.000,0.000,42.2409769866363831,-71.7105766516804835,O,
292.401,238.071,50.000,369.000,623.000,254.000,0.000,42.2409195732727625,-71.7107011033609751,O,
292.870,238.071,50.000,371.000,623.000,252.000,0.000,42.2408621599091489,-71.7108255550414526,O,
293.276,238.071,50.000,372.000,623.000,251.000,0.000,42.2408124999999970,-71.7109331999999995,O,
293.749,236.351,50.000,375.000,623.000,248.000,0.000,42.2407519167131085,-71.7110561397431496,O,
294.221,236.351,50.000,379.000,623.000,244.000,0.000,42.2406913334262200,-71.7111790794862998,O,
294.694,236.351,50.000,383.000,623.000,240.000,0.000,42.2406307501393314,-71.7113020192294499,O,
295.167,236.351,50.000,387.000,623.000,236.000,0.000,42.2405701668524429,-71.7114249589726001,O,
295.639,236.351,50.000,390.000,623.000,233.000,0.000,42.2405095835655544,-71.7115478987157502,O,
296.112,236.351,50.000,392.000,623.000,231.000,0.000,42.2404490002786588,-71.7116708384589003,O,
296.585,236.351,50.000,393.000,623.000,230.000,0.000,42.2403884169917703,-71.7117937782020505,O,
297.057,236.351,50.000,394.000,623.000,229.000,0.000,42.2403278337048818,-71.7119167179452006,O,
297.530,236.351,50.000,392.000,623.000,231.000,0.000,42.2402672504179932,-71.7120396576883650,O,
298.003,236.351,50.000,390.000,623.000,233.000,0.000,42.2402066671311047,-71.7121625974315151,O,
298.475,236.351,50.000,387.000,623.000,236.000,0.000,42.2401460838442162,-71.7122855371746653,O,
298.948,236.351,50.000,384.000,623.000,239.000,0.000,42.2400855005573277,-71.7124084769178154,O,
299.421,236.351,50.000,381.000,623.000,242.000,0.000,42.2400249172704392,-71.7125314166609655,O,
299.893,236.351,50.000,384.000,623.000,239.000,0.000,42.2399643339835507,-71.7126543564041157,O,
300.366,236.351,50.000,387.000,623.000,236.000,0.000,42.2399037506966621,-71.7127772961472658,O,
300.839,236.351,50.000,391.000,623.000,232.000,0.000,42.2398431674097736,-71.7129002358904160,O,
301.311,236.351,50.000,393.000,623.000,230.000,0.000,42.2397825841228780,-71.7130231756335661,O,
301.784,236.351,50.000,393.000,623.000,230.000,0.000,42.2397220008359895,-71.7131461153767162,O,
302.257,236.351,50.000,393.000,623.000,230.000,0.000,42.2396614175491010,-71.7132690551198664,O,
302.729,236.351,50.000,392.000,623.000,231.000,0.000,42.2396008342622125,-71.7133919948630165,O,
303.202,236.351,50.000,391.000,623.000,232.000,0.000,42.2395402509753239,-71.7135149346061667,O,
303.674,236.351,50.000,389.000,623.000,234.000,0.000,42.2394796676884354,-71.7136378743493168,O,
304.147,236.351,50.000,387.000,623.000,236.000,0.000,42.2394190844015469,-71.7137608140924669,O,
304.620,236.351,50.000,386.000,623.000,237.000,0.000,42.2393585011146584,-71.7138837538356171,O,
305.092,236.351,50.000,386.000,623.000,237.000,0.000,42.2392979178277699,-71.7140066935787672,O,
305.565,236.351,50.000,383.000,623.000,240.000,0.000,42.2392373345408814,-71.7141296333219174,O,
306.038,236.351,50.000,381.000,623.000,242.000,0.000,42.2391767512539928,-71.7142525730650817,O,
306.071,236.351,50.000,381.000,623.000,242.000,0.000,42.2391725000000022,-71.7142611999999957,O,
306.544,236.307,50.000,380.000,623.000,243.000,0.000,42.2391118350705668,-71.7143840994769448,O,
307.016,236.307,50.000,379.000,623.000,244.000,0.000,42.2390511701411313,-71.7145069989538797,O,
307.489,236.307,50.000,377.000,623.000,246.000,0.000,42.2389905052116958,-71.7146298984308288,O,
307.962,236.307,50.000,375.000,623.000,248.000,0.000,42.2389298402822604,-71.7147527979077637,O,
308.435,236.307,50.000,373.000,623.000,250.000,0.000,42.2388691753528249,-71.7148756973847128,O,
308.907,236.307,50.000,375.000,623.000,248.000,0.000,42.2388085104233895,-71.7149985968616619,O,
309.380,236.307,50.000,381.000,623.000,242.000,0.000,42.2387478454939540,-71.7151214963385968,O,
309.853,236.307,50.000,387.000,623.000,236.000,0.000,42.2386871805645185,-71.7152443958155459,O,
310.326,236.307,50.000,391.000,623.000,232.000,0.000,42.2386265156350831,-71.7153672952924808,O,
310.798,236.307,50.000,393.000,623.000,230.000,0.000,42.2385658507056476,-71.7154901947694299,O,
311.271,236.307,50.000,393.000,623.000,230.000,0.000,42.2385051857762122,-71.7156130942463648,O,
311.744,236.308,50.000,391.000,623.000,232.000,0.000,42.2384445208467767,-71.7157359937233139,O,
311.914,236.308,50.000,391.000,623.000,232.000,0.000,42.2384227000000010,-71.7157801999999975,O,
312.385,236.919,50.000,389.000,623.000,234.000,0.000,42.2383631634611234,-71.7159036500531926,O,
312.857,236.920,50.000,389.000,623.000,234.000,0.000,42.2383036269222458,-71.7160271001064018,O,
313.328,236.920,50.000,389.000,623.000,234.000,0.000,42.2382440903833682,-71.7161505501595968,O,
313.800,236.920,50.000,386.000,623.000,237.000,0.000,42.2381845538444907,-71.7162740002127919,O,
313.864,236.920,50.000,385.000,623.000,238.000,0.000,42.2381765000000016,-71.7162907000000018,O,
314.332,238.471,50.000,382.000,623.000,241.000,0.000,42.2381198201577917,-71.7164154874616457,O,
314.801,238.471,50.000,377.000,623.000,246.000,0.000,42.2380631403155817,-71.7165402749232896,O,
315.269,238.471,50.000,372.000,623.000,251.000,0.000,42.2380064604733718,-71.7166650623849335,O,
315.738,238.471,50.000,367.000,623.000,256.000,0.000,42.2379497806311619,-71.7167898498465775,O,
315.803,238.471,50.000,366.000,623.000,257.000,0.000,42.2379419000000027,-71.7168072000000052,O,
316.269,239.985,50.000,362.000,623.000,261.000,0.000,42.2378880028191688,-71.7169332143206049,O,
316.735,239.985,50.000,358.000,623.000,265.000,0.000,42.2378341056383348,-71.7170592286411903,O,
316.902,239.985,50.000,357.000,623.000,266.000,0.000,42.2378147000000013,-71.7171045999999990,O,
317.177,239.968,50.000,355.000,623.000,268.000,0.000,42.2377828999999991,-71.7171788999999933,O,
317.643,239.986,50.000,355.000,623.000,268.000,0.000,42.2377290042278872,-71.7173049149231048,O,
318.079,239.986,50.000,356.000,623.000,267.000,0.000,42.2376785000000012,-71.7174229999999966,O,
318.543,240.915,50.000,357.000,623.000,266.000,0.000,42.2376263085098955,-71.7175497302783640,O,
319.008,240.915,50.000,359.000,623.000,264.000,0.000,42.2375741170197898,-71.7176764605567456,O,
319.472,240.915,50.000,361.000,623.000,262.000,0.000,42.2375219255296770,-71.7178031908351130,O,
319.936,240.915,50.000,361.000,623.000,262.000,0.000,42.2374697340395713,-71.7179299211134946,O,
320.345,240.915,50.000,362.000,623.000,261.000,0.000,42.2374237000000008,-71.7180417000000006,O,
320.807,242.264,50.000,363.000,623.000,260.000,0.000,42.2373739789756968,-71.7181694197511632,O,
321.269,242.264,50.000,364.000,623.000,259.000,0.000,42.2373242579513857,-71.7182971395023401,O,
321.622,242.264,50.000,364.000,623.000,259.000,0.000,42.2372861999999998,-71.7183949000000069,O,
322.082,243.412,50.000,364.000,623.000,259.000,0.000,42.2372385783114268,-71.7185234172746249,O,
322.542,243.412,50.000,364.000,623.000,259.000,0.000,42.2371909566228538,-71.7186519345492286,O,
322.898,243.413,50.000,365.000,623.000,258.000,0.000,42.2371540999999979,-71.7187514000000021,O,
323.357,244.315,50.000,365.000,623.000,258.000,0.000,42.2371081245304012,-71.7188805153410414,O,
323.815,244.315,50.000,364.000,623.000,259.000,0.000,42.2370621490608045,-71.7190096306820806,O,
324.274,244.315,50.000,363.000,623.000,260.000,0.000,42.2370161735912149,-71.7191387460231198,O,
324.733,244.315,50.000,362.000,623.000,261.000,0.000,42.2369701981216181,-71.7192678613641590,O,
325.191,244.315,50.000,361.000,623.000,262.000,0.000,42.2369242226520214,-71.7193969767051982,O,
325.454,244.315,50.000,360.000,623.000,263.000,0.000,42.2368979000000024,-71.7194709000000046,O,
325.909,246.471,50.000,359.000,623.000,264.000,0.000,42.2368558475787523,-71.7196013458085417,O,
326.364,246.471,50.000,359.000,623.000,264.000,0.000,42.2368137951575093,-71.7197317916170647,O,
326.820,246.471,50.000,359.000,623.000,264.000,0.000,42.2367717427362592,-71.7198622374256018,O,
326.930,246.471,50.000,359.000,623.000,264.000,0.000,42.2367616000000012,-71.7198937000000001,O,
327.384,247.268,50.000,360.000,623.000,263.000,0.000,42.2367209940237700,-71.7200246032841022,O,
327.838,247.268,50.000,362.000,623.000,261.000,0.000,42.2366803880475388,-71.7201555065682186,O,
328.292,247.268,50.000,364.000,623.000,259.000,0.000,42.2366397820713075,-71.7202864098523207,O,
328.399,247.268,50.000,364.000,623.000,259.000,0.000,42.2366302000000005,-71.7203173000000049,O,
328.852,248.336,50.000,364.000,623.000,259.000,0.000,42.2365915305260273,-71.7204487883526411,O,
329.305,248.336,50.000,364.000,623.000,259.000,0.000,42.2365528610520471,-71.7205802767052774,O,
329.758,248.336,50.000,364.000,623.000,259.000,0.000,42.2365141915780740,-71.7207117650579136,O,
329.891,248.336,50.000,364.000,623.000,259.000,0.000,42.2365027999999967,-71.7207504999999941,O,
330.343,249.531,50.000,364.000,623.000,259.000,0.000,42.2364662912023547,-71.7208826045903436,O,
330.794,249.531,50.000,364.000,623.000,259.000,0.000,42.2364297824047057,-71.7210147091806931,O,
331.245,249.531,50.000,364.000,623.000,259.000,0.000,42.2363932736070637,-71.7211468137710426,O,
331.420,249.531,50.000,364.000,623.000,259.000,0.000,42.2363791000000006,-71.7211980999999952,O,
331.871,250.002,50.000,365.000,623.000,258.000,0.000,42.2363434420213508,-71.7213304367811872,O,
332.322,250.002,50.000,366.000,623.000,257.000,0.000,42.2363077840427010,-71.7214627735623651,O,
332.743,250.002,50.000,368.000,623.000,255.000,0.000,42.2362745000000004,-71.7215862999999985,O,
333.193,250.772,50.000,370.000,623.000,253.000,0.000,42.2362402322441284,-71.7217190035644023,O,
333.642,250.772,50.000,374.000,623.000,249.000,0.000,42.2362059644882635,-71.7218517071287920,O,
334.082,250.772,50.000,377.000,623.000,246.000,0.000,42.2361725000000021,-71.7219812999999959,O,
334.530,252.178,50.000,379.000,623.000,244.000,0.000,42.2361407639105124,-71.7221146316756091,O,
334.978,252.178,50.000,381.000,623.000,242.000,0.000,42.2361090278210227,-71.7222479633512080,O,
335.426,252.178,50.000,382.000,623.000,241.000,0.000,42.2360772917315330,-71.7223812950268211,O,
335.647,252.178,50.000,383.000,623.000,240.000,0.000,42.2360617000000005,-71.7224468000000002,O,
336.093,254.329,50.000,383.000,623.000,240.000,0.000,42.2360338279686900,-71.7225809926412552,O,
336.539,254.329,50.000,382.000,623.000,241.000,0.000,42.2360059559373866,-71.7227151852825102,O,
336.743,254.329,50.000,381.000,623.000,242.000,0.000,42.2359932000000029,-71.7227766000000031,O,
337.189,254.799,50.000,380.000,623.000,243.000,0.000,42.2359661692895685,-71.7229109646374212,O,
337.634,254.799,50.000,378.000,623.000,245.000,0.000,42.2359391385791341,-71.7230453292748535,O,
338.080,254.799,50.000,377.000,623.000,246.000,0.000,42.2359121078686996,-71.7231796939122717,O,
338.525,254.799,50.000,378.000,623.000,245.000,0.000,42.2358850771582723,-71.7233140585496898,O,
338.889,254.799,50.000,377.000,623.000,246.000,0.000,42.2358630000000019,-71.7234238000000062,O,
339.335,255.070,50.000,375.000,623.000,248.000,0.000,42.2358364554405057,-71.7235582615240901,O,
339.780,255.070,50.000,374.000,623.000,249.000,0.000,42.2358099108810094,-71.7236927230481598,O,
340.226,255.070,50.000,374.000,623.000,249.000,0.000,42.2357833663215132,-71.7238271845722437,O,
340.426,255.070,50.000,374.000,623.000,249.000,0.000,42.2357713999999973,-71.7238878000000000,O,
340.871,256.326,50.000,374.000,623.000,249.000,0.000,42.2357471027766636,-71.7240226857295369,O,
341.315,256.326,50.000,374.000,623.000,249.000,0.000,42.2357228055533298,-71.7241575714590880,O,
341.759,256.326,50.000,376.000,623.000,247.000,0.000,42.2356985083299961,-71.7242924571886249,O,
342.025,256.326,50.000,376.000,623.000,247.000,0.000,42.2356839999999991,-71.7243729999999999,O,
342.468,257.765,50.000,378.000,623.000,245.000,0.000,42.2356622734682858,-71.7245083235859511,O,
342.911,257.765,50.000,379.000,623.000,244.000,0.000,42.2356405469365725,-71.7246436471719164,O,
343.354,257.765,50.000,380.000,623.000,243.000,0.000,42.2356188204048593,-71.7247789707578676,O,
343.542,257.765,50.000,380.000,623.000,243.000,0.000,42.2356095999999965,-71.7248364000000009,O,
343.985,259.070,50.000,381.000,623.000,242.000,0.000,42.2355902014232640,-71.7249720768599133,O,
344.427,259.070,50.000,381.000,623.000,242.000,0.000,42.2355708028465244,-71.7251077537198398,O,
344.869,259.070,50.000,381.000,623.000,242.000,0.000,42.2355514042697919,-71.7252434305797522,O,
345.311,259.070,50.000,379.000,623.000,244.000,0.000,42.2355320056930594,-71.7253791074396645,O,
345.496,259.070,50.000,379.000,623.000,244.000,0.000,42.2355238999999969,-71.7254357999999996,O,
345.937,260.796,50.000,377.000,623.000,246.000,0.000,42.2355075737155801,-71.7255718807390252,O,
346.379,260.796,50.000,373.000,623.000,250.000,0.000,42.2354912474311632,-71.7257079614780508,O,
346.820,260.796,50.000,370.000,623.000,253.000,0.000,42.2354749211467393,-71.7258440422170764,O,
347.261,260.796,50.000,366.000,623.000,257.000,0.000,42.2354585948623225,-71.7259801229561020,O,
347.702,260.796,50.000,363.000,623.000,260.000,0.000,42.2354422685779056,-71.7261162036951276,O,
348.144,260.796,50.000,361.000,623.000,262.000,0.000,42.2354259422934888,-71.7262522844341390,O,
348.585,260.796,50.000,359.000,623.000,264.000,0.000,42.2354096160090648,-71.7263883651731646,O,
349.026,260.796,50.000,361.000,623.000,262.000,0.000,42.2353932897246480,-71.7265244459121902,O,
349.467,260.796,50.000,362.000,623.000,261.000,0.000,42.2353769634402312,-71.7266605266512158,O,
349.908,260.796,50.000,365.000,623.000,258.000,0.000,42.2353606371558143,-71.7267966073902414,O,
350.350,260.796,50.000,368.000,623.000,255.000,0.000,42.2353443108713904,-71.7269326881292670,O,
350.791,260.796,50.000,371.000,623.000,252.000,0.000,42.2353279845869736,-71.7270687688682926,O,
351.232,260.796,50.000,374.000,623.000,249.000,0.000,42.2353116583025567,-71.7272048496073182,O,
351.673,260.796,50.000,377.000,623.000,246.000,0.000,42.2352953320181399,-71.7273409303463438,O,
352.115,260.796,50.000,380.000,623.000,243.000,0.000,42.2352790057337160,-71.7274770110853694,O,
352.556,260.796,50.000,382.000,623.000,241.000,0.000,42.2352626794492991,-71.7276130918243950,O,
352.997,260.796,50.000,384.000,623.000,239.000,0.000,42.2352463531648823,-71.7277491725634064,O,
353.438,260.796,50.000,384.000,623.000,239.000,0.000,42.2352300268804655,-71.7278852533024320,O,
353.880,260.796,50.000,384.000,623.000,239.000,0.000,42.2352137005960415,-71.7280213340414576,O,
354.321,260.796,50.000,383.000,623.000,240.000,0.000,42.2351973743116247,-71.7281574147804832,O,
354.762,260.796,50.000,381.000,623.000,242.000,0.000,42.2351810480272079,-71.7282934955195088,O,
354.828,260.796,50.000,381.000,623.000,242.000,0.000,42.2351785999999976,-71.7283139000000034,O,
355.269,261.234,50.000,380.000,623.000,243.000,0.000,42.2351630535541673,-71.7284500720350167,O,
355.710,261.234,50.000,379.000,623.000,244.000,0.000,42.2351475071083300,-71.7285862440700157,O,
356.151,261.234,50.000,378.000,623.000,245.000,0.000,42.2351319606624998,-71.7287224161050290,O,
356.592,261.234,50.000,378.000,623.000,245.000,0.000,42.2351164142166624,-71.7288585881400422,O,
357.033,261.234,50.000,377.000,623.000,246.000,0.000,42.2351008677708322,-71.7289947601750413,O,
357.474,261.234,50.000,377.000,623.000,246.000,0.000,42.2350853213249948,-71.7291309322100545,O,
357.915,261.234,50.000,377.000,623.000,246.000,0.000,42.2350697748791646,-71.7292671042450536,O,
358.356,261.234,50.000,377.000,623.000,246.000,0.000,42.2350542284333343,-71.7294032762800668,O,
358.797,261.234,50.000,377.000,623.000,246.000,0.000,42.2350386819874970,-71.7295394483150801,O,
359.238,261.234,50.000,377.000,623.000,246.000,0.000,42.2350231355416668,-71.7296756203500792,O,
359.679,261.234,50.000,378.000,623.000,245.000,0.000,42.2350075890958294,-71.7298117923850924,O,
360.120,261.234,50.000,380.000,623.000,243.000,0.000,42.2349920426499992,-71.7299479644201057,O,
360.561,261.234,50.000,381.000,623.000,242.000,0.000,42.2349764962041618,-71.7300841364551047,O,
361.002,261.234,50.000,382.000,623.000,241.000,0.000,42.2349609497583316,-71.7302203084901180,O,
361.443,261.234,50.000,381.000,623.000,242.000,0.000,42.2349454033125014,-71.7303564805251312,O,
361.727,261.234,50.000,379.000,623.000,244.000,-16.000,42.2349353999999977,-71.7304440999999997,O,
376.977,261.234,0.000,379.000,379.000,0.000,0.000,42.2349353999999977,-71.7304440999999997,O,
